fund_code,exchange,broker,account_status,verified_date,verification_method,verification_note
510050,SSE,guojin,VERIFIED_TRADABLE,2026-07-22,manual_app_search,国金客户端搜索成功（人工验证）
510100,SSE,guojin,VERIFIED_TRADABLE,2026-07-22,manual_app_search,国金客户端搜索成功（人工验证）
510190,SSE,guojin,VERIFIED_TRADABLE,2026-07-22,manual_app_search,国金客户端搜索成功（人工验证）
510300,SSE,guojin,VERIFIED_TRADABLE,2026-07-22,manual_app_search,国金客户端搜索成功（人工验证）
510310,SSE,guojin,VERIFIED_TRADABLE,2026-07-22,manual_app_search,国金客户端搜索成功（人工验证）
510320,SSE,guojin,VERIFIED_TRADABLE,2026-07-22,manual_app_search,国金客户端搜索成功（人工验证）
510330,SSE,guojin,VERIFIED_TRADABLE,2026-07-22,manual_app_search,国金客户端搜索成功（人工验证）
510350,SSE,guojin,VERIFIED_TRADABLE,2026-07-22,manual_app_search,国金客户端搜索成功（人工验证）
510360,SSE,guojin,VERIFIED_TRADABLE,2026-07-22,manual_app_search,国金客户端搜索成功（人工验证）
510370,SSE,guojin,VERIFIED_TRADABLE,2026-07-22,manual_app_search,国金客户端搜索成功（人工验证）
510380,SSE,guojin,VERIFIED_TRADABLE,2026-07-22,manual_app_search,国金客户端搜索成功（人工验证）
510390,SSE,guojin,VERIFIED_TRADABLE,2026-07-22,manual_app_search,国金客户端搜索成功（人工验证）
510500,SSE,guojin,VERIFIED_TRADABLE,2026-07-22,manual_app_search,国金佣金宝搜索代码成功
510600,SSE,guojin,VERIFIED_TRADABLE,2026-07-22,manual_app_search,国金客户端搜索成功（人工验证）
510680,SSE,guojin,VERIFIED_TRADABLE,2026-07-22,manual_app_search,国金客户端搜索成功（人工验证）
510710,SSE,guojin,VERIFIED_TRADABLE,2026-07-22,manual_app_search,国金客户端搜索成功（人工验证）
510800,SSE,guojin,VERIFIED_TRADABLE,2026-07-22,manual_app_search,国金客户端搜索成功（人工验证）
510850,SSE,guojin,VERIFIED_TRADABLE,2026-07-22,manual_app_search,国金客户端搜索成功（人工验证）
510880,SSE,guojin,VERIFIED_TRADABLE,2026-07-22,manual_app_search,国金佣金宝搜索代码成功
510950,SSE,guojin,VERIFIED_TRADABLE,2026-07-22,manual_app_search,国金客户端搜索成功（人工验证）
511880,SSE,guojin,VERIFIED_TRADABLE,2026-07-22,manual_app_search,国金佣金宝搜索代码成功
512010,SSE,guojin,VERIFIED_TRADABLE,2026-07-22,manual_app_search,国金客户端搜索成功（人工验证）
512070,SSE,guojin,VERIFIED_TRADABLE,2026-07-22,manual_app_search,国金客户端搜索成功（人工验证）
512100,SSE,guojin,VERIFIED_TRADABLE,2026-07-22,manual_app_search,国金佣金宝搜索代码成功
512170,SSE,guojin,VERIFIED_TRADABLE,2026-07-22,manual_app_search,国金客户端搜索成功（人工验证）
512200,SSE,guojin,VERIFIED_TRADABLE,2026-07-22,manual_app_search,国金客户端搜索成功（人工验证）
512260,SSE,guojin,VERIFIED_TRADABLE,2026-07-22,manual_app_search,国金客户端搜索成功（人工验证）
512290,SSE,guojin,VERIFIED_TRADABLE,2026-07-22,manual_app_search,国金客户端搜索成功（人工验证）
512530,SSE,guojin,VERIFIED_TRADABLE,2026-07-22,manual_app_search,国金客户端搜索成功（人工验证）
512570,SSE,guojin,VERIFIED_TRADABLE,2026-07-22,manual_app_search,国金客户端搜索成功（人工验证）
512700,SSE,guojin,VERIFIED_TRADABLE,2026-07-22,manual_app_search,国金客户端搜索成功（人工验证）
512710,SSE,guojin,VERIFIED_TRADABLE,2026-07-22,manual_app_search,国金客户端搜索成功（人工验证）
512800,SSE,guojin,VERIFIED_TRADABLE,2026-07-22,manual_app_search,国金客户端搜索成功（人工验证）
512820,SSE,guojin,VERIFIED_TRADABLE,2026-07-22,manual_app_search,国金客户端搜索成功（人工验证）
512880,SSE,guojin,VERIFIED_TRADABLE,2026-07-22,manual_app_search,国金客户端搜索成功（人工验证）
512930,SSE,guojin,VERIFIED_TRADABLE,2026-07-22,manual_app_search,国金客户端搜索成功（人工验证）
513050,SSE,guojin,VERIFIED_TRADABLE,2026-07-22,manual_app_search,国金佣金宝搜索代码成功
513090,SSE,guojin,VERIFIED_TRADABLE,2026-07-22,manual_app_search,国金客户端搜索成功（人工验证）
513100,SSE,guojin,VERIFIED_TRADABLE,2026-07-22,manual_app_search,国金佣金宝搜索代码成功
513290,SSE,guojin,VERIFIED_TRADABLE,2026-07-22,manual_app_search,国金客户端搜索成功（人工验证）
513500,SSE,guojin,VERIFIED_TRADABLE,2026-07-22,manual_app_search,国金佣金宝搜索代码成功
515010,SSE,guojin,VERIFIED_TRADABLE,2026-07-22,manual_app_search,国金客户端搜索成功（人工验证）
515020,SSE,guojin,VERIFIED_TRADABLE,2026-07-22,manual_app_search,国金客户端搜索成功（人工验证）
515050,SSE,guojin,VERIFIED_TRADABLE,2026-07-22,manual_app_search,国金佣金宝搜索代码成功
515130,SSE,guojin,VERIFIED_TRADABLE,2026-07-22,manual_app_search,国金客户端搜索成功（人工验证）
515170,SSE,guojin,VERIFIED_TRADABLE,2026-07-22,manual_app_search,国金客户端搜索成功（人工验证）
515220,SSE,guojin,VERIFIED_TRADABLE,2026-07-22,manual_app_search,国金客户端搜索成功（人工验证）
515230,SSE,guojin,VERIFIED_TRADABLE,2026-07-22,manual_app_search,国金客户端搜索成功（人工验证）
515310,SSE,guojin,VERIFIED_TRADABLE,2026-07-22,manual_app_search,国金客户端搜索成功（人工验证）
515330,SSE,guojin,VERIFIED_TRADABLE,2026-07-22,manual_app_search,国金客户端搜索成功（人工验证）
515350,SSE,guojin,VERIFIED_TRADABLE,2026-07-22,manual_app_search,国金客户端搜索成功（人工验证）
515360,SSE,guojin,VERIFIED_TRADABLE,2026-07-22,manual_app_search,国金客户端搜索成功（人工验证）
515380,SSE,guojin,VERIFIED_TRADABLE,2026-07-22,manual_app_search,国金客户端搜索成功（人工验证）
515390,SSE,guojin,VERIFIED_TRADABLE,2026-07-22,manual_app_search,国金客户端搜索成功（人工验证）
515650,SSE,guojin,VERIFIED_TRADABLE,2026-07-22,manual_app_search,国金客户端搜索成功（人工验证）
515660,SSE,guojin,VERIFIED_TRADABLE,2026-07-22,manual_app_search,国金客户端搜索成功（人工验证）
515880,SSE,guojin,VERIFIED_TRADABLE,2026-07-22,manual_app_search,国金佣金宝搜索代码成功
515980,SSE,guojin,VERIFIED_TRADABLE,2026-07-22,manual_app_search,国金客户端搜索成功（人工验证）
516160,SSE,guojin,VERIFIED_TRADABLE,2026-07-22,manual_app_search,国金佣金宝搜索代码成功
516310,SSE,guojin,VERIFIED_TRADABLE,2026-07-22,manual_app_search,国金客户端搜索成功（人工验证）
516830,SSE,guojin,VERIFIED_TRADABLE,2026-07-22,manual_app_search,国金客户端搜索成功（人工验证）
518880,SSE,guojin,VERIFIED_TRADABLE,2026-07-22,manual_app_search,国金佣金宝搜索代码成功
560090,SSE,guojin,VERIFIED_TRADABLE,2026-07-22,manual_app_search,国金客户端搜索成功（人工验证）
560180,SSE,guojin,VERIFIED_TRADABLE,2026-07-22,manual_app_search,国金客户端搜索成功（人工验证）
561000,SSE,guojin,VERIFIED_TRADABLE,2026-07-22,manual_app_search,国金客户端搜索成功（人工验证）
561300,SSE,guojin,VERIFIED_TRADABLE,2026-07-22,manual_app_search,国金客户端搜索成功（人工验证）
561900,SSE,guojin,VERIFIED_TRADABLE,2026-07-22,manual_app_search,国金客户端搜索成功（人工验证）
561930,SSE,guojin,VERIFIED_TRADABLE,2026-07-22,manual_app_search,国金客户端搜索成功（人工验证）
561990,SSE,guojin,VERIFIED_TRADABLE,2026-07-22,manual_app_search,国金客户端搜索成功（人工验证）
562070,SSE,guojin,VERIFIED_TRADABLE,2026-07-22,manual_app_search,国金客户端搜索成功（人工验证）
562310,SSE,guojin,VERIFIED_TRADABLE,2026-07-22,manual_app_search,国金客户端搜索成功（人工验证）
562320,SSE,guojin,VERIFIED_TRADABLE,2026-07-22,manual_app_search,国金客户端搜索成功（人工验证）
562330,SSE,guojin,VERIFIED_TRADABLE,2026-07-22,manual_app_search,国金客户端搜索成功（人工验证）
562340,SSE,guojin,VERIFIED_TRADABLE,2026-07-22,manual_app_search,国金客户端搜索成功（人工验证）
562530,SSE,guojin,VERIFIED_TRADABLE,2026-07-22,manual_app_search,国金客户端搜索成功（人工验证）
563030,SSE,guojin,VERIFIED_TRADABLE,2026-07-22,manual_app_search,国金客户端搜索成功（人工验证）
563090,SSE,guojin,VERIFIED_TRADABLE,2026-07-22,manual_app_search,国金客户端搜索成功（人工验证）
563520,SSE,guojin,VERIFIED_TRADABLE,2026-07-22,manual_app_search,国金客户端搜索成功（人工验证）
159107,SZSE,guojin,VERIFIED_TRADABLE,2026-07-22,manual_app_search,国金客户端搜索成功（人工验证）
159140,SZSE,guojin,VERIFIED_TRADABLE,2026-07-22,manual_app_search,国金客户端搜索成功（人工验证）
159141,SZSE,guojin,VERIFIED_TRADABLE,2026-07-22,manual_app_search,国金客户端搜索成功（人工验证）
159142,SZSE,guojin,VERIFIED_TRADABLE,2026-07-22,manual_app_search,国金客户端搜索成功（人工验证）
159238,SZSE,guojin,VERIFIED_TRADABLE,2026-07-22,manual_app_search,国金客户端搜索成功（人工验证）
159256,SZSE,guojin,VERIFIED_TRADABLE,2026-07-22,manual_app_search,国金客户端搜索成功（人工验证）
159300,SZSE,guojin,VERIFIED_TRADABLE,2026-07-22,manual_app_search,国金客户端搜索成功（人工验证）
159310,SZSE,guojin,VERIFIED_TRADABLE,2026-07-22,manual_app_search,国金客户端搜索成功（人工验证）
159330,SZSE,guojin,VERIFIED_TRADABLE,2026-07-22,manual_app_search,国金客户端搜索成功（人工验证）
159377,SZSE,guojin,VERIFIED_TRADABLE,2026-07-22,manual_app_search,国金客户端搜索成功（人工验证）
159393,SZSE,guojin,VERIFIED_TRADABLE,2026-07-22,manual_app_search,国金客户端搜索成功（人工验证）
159510,SZSE,guojin,VERIFIED_TRADABLE,2026-07-22,manual_app_search,国金客户端搜索成功（人工验证）
159523,SZSE,guojin,VERIFIED_TRADABLE,2026-07-22,manual_app_search,国金客户端搜索成功（人工验证）
159606,SZSE,guojin,VERIFIED_TRADABLE,2026-07-22,manual_app_search,国金客户端搜索成功（人工验证）
159610,SZSE,guojin,VERIFIED_TRADABLE,2026-07-22,manual_app_search,国金客户端搜索成功（人工验证）
159617,SZSE,guojin,VERIFIED_TRADABLE,2026-07-22,manual_app_search,国金客户端搜索成功（人工验证）
159620,SZSE,guojin,VERIFIED_TRADABLE,2026-07-22,manual_app_search,国金客户端搜索成功（人工验证）
159656,SZSE,guojin,VERIFIED_TRADABLE,2026-07-22,manual_app_search,国金客户端搜索成功（人工验证）
159673,SZSE,guojin,VERIFIED_TRADABLE,2026-07-22,manual_app_search,国金客户端搜索成功（人工验证）
159692,SZSE,guojin,VERIFIED_TRADABLE,2026-07-22,manual_app_search,国金客户端搜索成功（人工验证）
159819,SZSE,guojin,VERIFIED_TRADABLE,2026-07-22,manual_app_search,国金客户端搜索成功（人工验证）
159839,SZSE,guojin,VERIFIED_TRADABLE,2026-07-22,manual_app_search,国金客户端搜索成功（人工验证）
159841,SZSE,guojin,VERIFIED_TRADABLE,2026-07-22,manual_app_search,国金客户端搜索成功（人工验证）
159845,SZSE,guojin,VERIFIED_TRADABLE,2026-07-22,manual_app_search,国金佣金宝搜索代码成功
159852,SZSE,guojin,VERIFIED_TRADABLE,2026-07-22,manual_app_search,国金客户端搜索成功（人工验证）
159859,SZSE,guojin,VERIFIED_TRADABLE,2026-07-22,manual_app_search,国金客户端搜索成功（人工验证）
159883,SZSE,guojin,VERIFIED_TRADABLE,2026-07-22,manual_app_search,国金客户端搜索成功（人工验证）
159915,SZSE,guojin,VERIFIED_TRADABLE,2026-07-22,manual_app_search,国金佣金宝搜索代码成功
159919,SZSE,guojin,VERIFIED_TRADABLE,2026-07-22,manual_app_search,国金客户端搜索成功（人工验证）
159925,SZSE,guojin,VERIFIED_TRADABLE,2026-07-22,manual_app_search,国金客户端搜索成功（人工验证）
159928,SZSE,guojin,VERIFIED_TRADABLE,2026-07-22,manual_app_search,国金客户端搜索成功（人工验证）
159929,SZSE,guojin,VERIFIED_TRADABLE,2026-07-22,manual_app_search,国金客户端搜索成功（人工验证）
159938,SZSE,guojin,VERIFIED_TRADABLE,2026-07-22,manual_app_search,国金客户端搜索成功（人工验证）
159941,SZSE,guojin,VERIFIED_TRADABLE,2026-07-22,manual_app_search,国金佣金宝搜索代码成功
159949,SZSE,guojin,VERIFIED_TRADABLE,2026-07-22,manual_app_search,国金佣金宝搜索代码成功
159980,SZSE,guojin,VERIFIED_TRADABLE,2026-07-22,manual_app_search,国金客户端搜索成功（人工验证）
159993,SZSE,guojin,VERIFIED_TRADABLE,2026-07-22,manual_app_search,国金客户端搜索成功（人工验证）
159998,SZSE,guojin,VERIFIED_TRADABLE,2026-07-22,manual_app_search,国金客户端搜索成功（人工验证）
